ImageId,Label
0,9.0
1,1.0
2,7.0
3,1.0
4,3.0
5,0.0
6,8.0
7,4.0
8,7.0
9,0.0
10,2.0
11,6.0
12,1.0
13,3.0
14,6.0
15,0.0
16,4.0
17,6.0
18,6.0
19,7.0
20,6.0
21,0.0
22,0.0
23,9.0
24,9.0
25,0.0
26,2.0
27,8.0
28,9.0
29,3.0
30,6.0
31,1.0
32,6.0
33,2.0
34,3.0
35,7.0
36,5.0
37,8.0
38,8.0
39,3.0
40,3.0
41,0.0
42,9.0
43,6.0
44,2.0
45,7.0
46,0.0
47,9.0
48,9.0
49,1.0
50,2.0
51,6.0
52,6.0
53,1.0
54,4.0
55,8.0
56,8.0
57,9.0
58,8.0
59,9.0
60,7.0
61,1.0
62,6.0
63,2.0
64,7.0
65,9.0
66,8.0
67,8.0
68,0.0
69,1.0
70,0.0
71,0.0
72,2.0
73,4.0
74,4.0
75,9.0
76,1.0
77,0.0
78,1.0
79,6.0
80,2.0
81,5.0
82,6.0
83,8.0
84,7.0
85,6.0
86,8.0
87,0.0
88,4.0
89,7.0
90,6.0
91,7.0
92,1.0
93,5.0
94,4.0
95,7.0
96,2.0
97,7.0
98,7.0
99,4.0
100,2.0
101,3.0
102,4.0
103,4.0
104,8.0
105,0.0
106,6.0
107,6.0
108,9.0
109,4.0
110,5.0
111,2.0
112,4.0
113,6.0
114,8.0
115,1.0
116,6.0
117,9.0
118,6.0
119,5.0
120,6.0
121,2.0
122,7.0
123,6.0
124,9.0
125,6.0
126,7.0
127,1.0
128,6.0
129,8.0
130,3.0
131,7.0
132,7.0
133,8.0
134,4.0
135,4.0
136,6.0
137,1.0
138,6.0
139,0.0
140,1.0
141,8.0
142,3.0
143,1.0
144,1.0
145,7.0
146,9.0
147,3.0
148,6.0
149,8.0
150,5.0
151,2.0
152,9.0
153,1.0
154,4.0
155,0.0
156,4.0
157,5.0
158,9.0
159,6.0
160,6.0
161,5.0
162,1.0
163,3.0
164,0.0
165,1.0
166,4.0
167,2.0
168,1.0
169,5.0
170,5.0
171,0.0
172,7.0
173,3.0
174,9.0
175,2.0
176,8.0
177,8.0
178,4.0
179,8.0
180,6.0
181,7.0
182,4.0
183,6.0
184,0.0
185,7.0
186,2.0
187,8.0
188,4.0
189,3.0
190,8.0
191,1.0
192,3.0
193,9.0
194,1.0
195,0.0
196,9.0
197,5.0
198,8.0
199,0.0
200,7.0
201,1.0
202,4.0
203,7.0
204,8.0
205,7.0
206,8.0
207,3.0
208,5.0
209,0.0
210,4.0
211,4.0
212,5.0
213,3.0
214,4.0
215,9.0
216,7.0
217,1.0
218,3.0
219,5.0
220,2.0
221,5.0
222,7.0
223,0.0
224,1.0
225,2.0
226,7.0
227,9.0
228,5.0
229,8.0
230,1.0
231,1.0
232,8.0
233,0.0
234,1.0
235,6.0
236,5.0
237,1.0
238,7.0
239,5.0
240,1.0
241,5.0
242,7.0
243,5.0
244,0.0
245,9.0
246,5.0
247,7.0
248,4.0
249,2.0
250,7.0
251,3.0
252,1.0
253,8.0
254,6.0
255,3.0
256,6.0
257,5.0
258,1.0
259,6.0
260,9.0
261,7.0
262,6.0
263,2.0
264,3.0
265,1.0
266,7.0
267,9.0
268,9.0
269,5.0
270,2.0
271,2.0
272,4.0
273,0.0
274,7.0
275,6.0
276,6.0
277,1.0
278,1.0
279,1.0
280,8.0
281,7.0
282,1.0
283,7.0
284,2.0
285,7.0
286,9.0
287,2.0
288,2.0
289,4.0
290,0.0
291,0.0
292,1.0
293,2.0
294,4.0
295,9.0
296,2.0
297,7.0
298,4.0
299,2.0
300,9.0
301,8.0
302,2.0
303,4.0
304,3.0
305,4.0
306,8.0
307,8.0
308,3.0
309,4.0
310,3.0
311,3.0
312,7.0
313,6.0
314,8.0
315,5.0
316,2.0
317,9.0
318,9.0
319,1.0
320,1.0
321,3.0
322,3.0
323,0.0
324,6.0
325,9.0
326,3.0
327,8.0
328,5.0
329,0.0
330,3.0
331,9.0
332,1.0
333,1.0
334,6.0
335,4.0
336,2.0
337,9.0
338,2.0
339,3.0
340,6.0
341,4.0
342,1.0
343,9.0
344,0.0
345,3.0
346,8.0
347,5.0
348,1.0
349,5.0
350,4.0
351,3.0
352,8.0
353,1.0
354,5.0
355,0.0
356,8.0
357,3.0
358,2.0
359,9.0
360,0.0
361,9.0
362,0.0
363,9.0
364,0.0
365,0.0
366,8.0
367,4.0
368,3.0
369,1.0
370,7.0
371,7.0
372,4.0
373,0.0
374,2.0
375,6.0
376,2.0
377,4.0
378,0.0
379,1.0
380,3.0
381,0.0
382,7.0
383,8.0
384,9.0
385,9.0
386,7.0
387,1.0
388,5.0
389,2.0
390,4.0
391,8.0
392,7.0
393,1.0
394,1.0
395,6.0
396,2.0
397,3.0
398,2.0
399,8.0
400,8.0
401,9.0
402,5.0
403,9.0
404,4.0
405,4.0
406,6.0
407,2.0
408,9.0
409,7.0
410,9.0
411,5.0
412,0.0
413,6.0
414,3.0
415,0.0
416,1.0
417,5.0
418,4.0
419,8.0
420,9.0
421,9.0
422,9.0
423,9.0
424,5.0
425,3.0
426,7.0
427,3.0
428,9.0
429,7.0
430,5.0
431,0.0
432,4.0
433,4.0
434,2.0
435,9.0
436,0.0
437,8.0
438,2.0
439,7.0
440,2.0
441,2.0
442,1.0
443,7.0
444,6.0
445,3.0
446,6.0
447,9.0
448,7.0
449,2.0
450,3.0
451,4.0
452,6.0
453,6.0
454,4.0
455,5.0
456,8.0
457,1.0
458,4.0
459,4.0
460,1.0
461,3.0
462,0.0
463,6.0
464,7.0
465,6.0
466,1.0
467,1.0
468,2.0
469,6.0
470,9.0
471,8.0
472,6.0
473,4.0
474,1.0
475,0.0
476,7.0
477,5.0
478,1.0
479,9.0
480,3.0
481,1.0
482,3.0
483,8.0
484,0.0
485,8.0
486,7.0
487,2.0
488,6.0
489,2.0
490,7.0
491,8.0
492,0.0
493,1.0
494,2.0
495,4.0
496,8.0
497,2.0
498,7.0
499,0.0
500,0.0
501,3.0
502,4.0
503,7.0
504,2.0
505,9.0
506,3.0
507,8.0
508,5.0
509,1.0
510,7.0
511,9.0
512,3.0
513,3.0
514,2.0
515,5.0
516,0.0
517,1.0
518,3.0
519,5.0
520,2.0
521,8.0
522,9.0
523,4.0
524,9.0
525,2.0
526,4.0
527,1.0
528,4.0
529,1.0
530,4.0
531,6.0
532,0.0
533,8.0
534,4.0
535,9.0
536,1.0
537,6.0
538,4.0
539,9.0
540,0.0
541,1.0
542,4.0
543,7.0
544,9.0
545,3.0
546,9.0
547,9.0
548,4.0
549,4.0
550,5.0
551,6.0
552,0.0
553,0.0
554,7.0
555,7.0
556,0.0
557,6.0
558,8.0
559,1.0
560,8.0
561,8.0
562,1.0
563,4.0
564,7.0
565,4.0
566,2.0
567,9.0
568,1.0
569,5.0
570,4.0
571,7.0
572,6.0
573,7.0
574,4.0
575,2.0
576,3.0
577,9.0
578,7.0
579,1.0
580,0.0
581,5.0
582,5.0
583,1.0
584,3.0
585,7.0
586,4.0
587,1.0
588,5.0
589,8.0
590,5.0
591,6.0
592,5.0
593,0.0
594,0.0
595,8.0
596,3.0
597,9.0
598,0.0
599,5.0
600,4.0
601,6.0
602,7.0
603,4.0
604,6.0
605,9.0
606,6.0
607,4.0
608,7.0
609,8.0
610,8.0
611,0.0
612,5.0
613,2.0
614,4.0
615,6.0
616,0.0
617,6.0
618,6.0
619,5.0
620,0.0
621,5.0
622,1.0
623,5.0
624,7.0
625,7.0
626,3.0
627,7.0
628,0.0
629,3.0
630,0.0
631,3.0
632,5.0
633,3.0
634,8.0
635,7.0
636,6.0
637,0.0
638,9.0
639,3.0
640,5.0
641,0.0
642,2.0
643,7.0
644,6.0
645,6.0
646,4.0
647,7.0
648,8.0
649,7.0
650,1.0
651,1.0
652,2.0
653,9.0
654,6.0
655,1.0
656,0.0
657,2.0
658,2.0
659,8.0
660,1.0
661,3.0
662,5.0
663,2.0
664,5.0
665,9.0
666,8.0
667,8.0
668,6.0
669,6.0
670,5.0
671,0.0
672,1.0
673,6.0
674,9.0
675,5.0
676,2.0
677,7.0
678,2.0
679,3.0
680,4.0
681,1.0
682,0.0
683,9.0
684,4.0
685,0.0
686,7.0
687,2.0
688,1.0
689,0.0
690,9.0
691,5.0
692,6.0
693,8.0
694,0.0
695,3.0
696,5.0
697,7.0
698,5.0
699,5.0
700,8.0
701,7.0
702,2.0
703,3.0
704,6.0
705,1.0
706,1.0
707,9.0
708,5.0
709,3.0
710,1.0
711,3.0
712,3.0
713,6.0
714,8.0
715,3.0
716,5.0
717,0.0
718,7.0
719,1.0
720,5.0
721,8.0
722,5.0
723,6.0
724,6.0
725,1.0
726,3.0
727,2.0
728,8.0
729,1.0
730,1.0
731,9.0
732,8.0
733,5.0
734,9.0
735,5.0
736,5.0
737,1.0
738,7.0
739,1.0
740,1.0
741,6.0
742,5.0
743,7.0
744,2.0
745,3.0
746,3.0
747,5.0
748,7.0
749,3.0
750,9.0
751,2.0
752,3.0
753,5.0
754,1.0
755,6.0
756,2.0
757,7.0
758,7.0
759,0.0
760,3.0
761,6.0
762,7.0
763,1.0
764,9.0
765,6.0
766,3.0
767,7.0
768,0.0
769,6.0
770,9.0
771,4.0
772,2.0
773,1.0
774,1.0
775,2.0
776,9.0
777,8.0
778,3.0
779,2.0
780,0.0
781,2.0
782,3.0
783,7.0
784,6.0
785,9.0
786,6.0
787,6.0
788,6.0
789,4.0
790,6.0
791,1.0
792,0.0
793,2.0
794,3.0
795,0.0
796,4.0
797,7.0
798,6.0
799,8.0
800,8.0
801,7.0
802,2.0
803,6.0
804,3.0
805,2.0
806,2.0
807,4.0
808,7.0
809,0.0
810,0.0
811,1.0
812,0.0
813,0.0
814,0.0
815,3.0
816,8.0
817,1.0
818,8.0
819,0.0
820,1.0
821,9.0
822,3.0
823,0.0
824,9.0
825,5.0
826,5.0
827,5.0
828,5.0
829,1.0
830,3.0
831,8.0
832,7.0
833,3.0
834,2.0
835,0.0
836,6.0
837,6.0
838,6.0
839,7.0
840,4.0
841,1.0
842,7.0
843,5.0
844,2.0
845,1.0
846,4.0
847,7.0
848,2.0
849,4.0
850,0.0
851,6.0
852,4.0
853,4.0
854,5.0
855,1.0
856,5.0
857,8.0
858,8.0
859,7.0
860,7.0
861,7.0
862,1.0
863,5.0
864,4.0
865,6.0
866,7.0
867,2.0
868,7.0
869,1.0
870,5.0
871,9.0
872,9.0
873,7.0
874,8.0
875,2.0
876,1.0
877,8.0
878,6.0
879,6.0
880,1.0
881,4.0
882,1.0
883,0.0
884,0.0
885,2.0
886,1.0
887,2.0
888,8.0
889,9.0
890,7.0
891,2.0
892,9.0
893,5.0
894,7.0
895,0.0
896,8.0
897,0.0
898,0.0
899,0.0
900,7.0
901,3.0
902,5.0
903,4.0
904,1.0
905,4.0
906,0.0
907,2.0
908,0.0
909,0.0
910,2.0
911,2.0
912,8.0
913,3.0
914,5.0
915,6.0
916,8.0
917,7.0
918,2.0
919,4.0
920,3.0
921,9.0
922,6.0
923,4.0
924,9.0
925,5.0
926,6.0
927,1.0
928,2.0
929,3.0
930,1.0
931,1.0
932,2.0
933,2.0
934,3.0
935,2.0
936,7.0
937,0.0
938,6.0
939,9.0
940,0.0
941,1.0
942,0.0
943,8.0
944,8.0
945,6.0
946,4.0
947,2.0
948,0.0
949,9.0
950,9.0
951,6.0
952,1.0
953,6.0
954,7.0
955,9.0
956,0.0
957,1.0
958,3.0
959,1.0
960,2.0
961,7.0
962,8.0
963,9.0
964,1.0
965,9.0
966,1.0
967,0.0
968,7.0
969,6.0
970,5.0
971,0.0
972,5.0
973,3.0
974,5.0
975,5.0
976,8.0
977,7.0
978,3.0
979,3.0
980,2.0
981,3.0
982,8.0
983,6.0
984,6.0
985,3.0
986,1.0
987,1.0
988,4.0
989,6.0
990,8.0
991,5.0
992,3.0
993,9.0
994,5.0
995,4.0
996,1.0
997,6.0
998,7.0
999,0.0
1000,2.0
1001,0.0
1002,8.0
1003,1.0
1004,7.0
1005,5.0
1006,2.0
1007,8.0
1008,3.0
1009,3.0
1010,1.0
1011,2.0
1012,3.0
1013,2.0
1014,0.0
1015,8.0
1016,1.0
1017,6.0
1018,8.0
1019,3.0
1020,0.0
1021,3.0
1022,0.0
1023,4.0
1024,2.0
1025,4.0
1026,8.0
1027,1.0
1028,3.0
1029,2.0
1030,3.0
1031,6.0
1032,5.0
1033,8.0
1034,3.0
1035,8.0
1036,0.0
1037,1.0
1038,9.0
1039,8.0
1040,0.0
1041,8.0
1042,0.0
1043,5.0
1044,6.0
1045,1.0
1046,4.0
1047,8.0
1048,7.0
1049,1.0
1050,3.0
1051,4.0
1052,0.0
1053,3.0
1054,6.0
1055,3.0
1056,0.0
1057,3.0
1058,8.0
1059,4.0
1060,5.0
1061,8.0
1062,1.0
1063,2.0
1064,0.0
1065,4.0
1066,9.0
1067,3.0
1068,3.0
1069,3.0
1070,7.0
1071,3.0
1072,5.0
1073,3.0
1074,1.0
1075,6.0
1076,0.0
1077,5.0
1078,9.0
1079,5.0
1080,1.0
1081,5.0
1082,5.0
1083,6.0
1084,9.0
1085,7.0
1086,0.0
1087,1.0
1088,1.0
1089,6.0
1090,8.0
1091,5.0
1092,9.0
1093,0.0
1094,6.0
1095,5.0
1096,0.0
1097,8.0
1098,2.0
1099,1.0
1100,3.0
1101,0.0
1102,5.0
1103,6.0
1104,5.0
1105,6.0
1106,1.0
1107,8.0
1108,0.0
1109,0.0
1110,5.0
1111,9.0
1112,7.0
1113,9.0
1114,5.0
1115,2.0
1116,2.0
1117,9.0
1118,4.0
1119,8.0
1120,8.0
1121,3.0
1122,4.0
1123,7.0
1124,4.0
1125,8.0
1126,5.0
1127,3.0
1128,7.0
1129,7.0
1130,1.0
1131,6.0
1132,7.0
1133,2.0
1134,0.0
1135,1.0
1136,2.0
1137,2.0
1138,3.0
1139,5.0
1140,6.0
1141,1.0
1142,7.0
1143,7.0
1144,9.0
1145,3.0
1146,4.0
1147,2.0
1148,8.0
1149,0.0
1150,6.0
1151,8.0
1152,9.0
1153,8.0
1154,7.0
1155,8.0
1156,7.0
1157,2.0
1158,7.0
1159,1.0
1160,0.0
1161,9.0
1162,6.0
1163,3.0
1164,7.0
1165,5.0
1166,7.0
1167,2.0
1168,5.0
1169,5.0
1170,6.0
1171,6.0
1172,4.0
1173,8.0
1174,5.0
1175,7.0
1176,6.0
1177,6.0
1178,2.0
1179,6.0
1180,4.0
1181,1.0
1182,4.0
1183,5.0
1184,6.0
1185,2.0
1186,1.0
1187,6.0
1188,6.0
1189,1.0
1190,5.0
1191,8.0
1192,0.0
1193,7.0
1194,4.0
1195,6.0
1196,4.0
1197,6.0
1198,3.0
1199,1.0
1200,1.0
1201,6.0
1202,6.0
1203,9.0
1204,3.0
1205,9.0
1206,2.0
1207,6.0
1208,5.0
1209,9.0
1210,5.0
1211,7.0
1212,5.0
1213,3.0
1214,9.0
1215,6.0
1216,6.0
1217,8.0
1218,6.0
1219,5.0
1220,9.0
1221,6.0
1222,0.0
1223,6.0
1224,2.0
1225,4.0
1226,6.0
1227,2.0
1228,2.0
1229,3.0
1230,4.0
1231,6.0
1232,0.0
1233,7.0
1234,5.0
1235,3.0
1236,0.0
1237,5.0
1238,1.0
1239,3.0
1240,1.0
1241,8.0
1242,8.0
1243,9.0
1244,8.0
1245,4.0
1246,1.0
1247,4.0
1248,2.0
1249,3.0
1250,8.0
1251,8.0
1252,7.0
1253,1.0
1254,4.0
1255,1.0
1256,0.0
1257,0.0
1258,5.0
1259,0.0
1260,7.0
1261,9.0
1262,9.0
1263,2.0
1264,1.0
1265,6.0
1266,4.0
1267,4.0
1268,9.0
1269,1.0
1270,3.0
1271,8.0
1272,4.0
1273,0.0
1274,4.0
1275,5.0
1276,0.0
1277,4.0
1278,1.0
1279,6.0
1280,3.0
1281,4.0
1282,1.0
1283,5.0
1284,9.0
1285,1.0
1286,7.0
1287,5.0
1288,8.0
1289,2.0
1290,3.0
1291,5.0
1292,9.0
1293,8.0
1294,9.0
1295,2.0
1296,4.0
1297,6.0
1298,1.0
1299,9.0
1300,9.0
1301,0.0
1302,1.0
1303,4.0
1304,1.0
1305,7.0
1306,1.0
1307,5.0
1308,1.0
1309,1.0
1310,4.0
1311,5.0
1312,6.0
1313,7.0
1314,3.0
1315,5.0
1316,2.0
1317,0.0
1318,1.0
1319,7.0
1320,1.0
1321,6.0
1322,8.0
1323,6.0
1324,7.0
1325,7.0
1326,3.0
1327,8.0
1328,8.0
1329,7.0
1330,7.0
1331,1.0
1332,3.0
1333,2.0
1334,0.0
1335,5.0
1336,0.0
1337,4.0
1338,2.0
1339,8.0
1340,6.0
1341,4.0
1342,7.0
1343,8.0
1344,9.0
1345,4.0
1346,1.0
1347,7.0
1348,1.0
1349,4.0
1350,0.0
1351,5.0
1352,3.0
1353,6.0
1354,6.0
1355,0.0
1356,6.0
1357,8.0
1358,1.0
1359,1.0
1360,9.0
1361,8.0
1362,2.0
1363,0.0
1364,2.0
1365,7.0
1366,0.0
1367,7.0
1368,6.0
1369,1.0
1370,6.0
1371,6.0
1372,1.0
1373,2.0
1374,1.0
1375,0.0
1376,1.0
1377,3.0
1378,0.0
1379,5.0
1380,8.0
1381,2.0
1382,7.0
1383,6.0
1384,2.0
1385,1.0
1386,4.0
1387,0.0
1388,8.0
1389,1.0
1390,3.0
1391,1.0
1392,6.0
1393,1.0
1394,9.0
1395,6.0
1396,2.0
1397,8.0
1398,0.0
1399,2.0
1400,0.0
1401,0.0
1402,6.0
1403,3.0
1404,4.0
1405,8.0
1406,4.0
1407,0.0
1408,0.0
1409,5.0
1410,4.0
1411,0.0
1412,2.0
1413,8.0
1414,4.0
1415,0.0
1416,5.0
1417,6.0
1418,6.0
1419,8.0
1420,1.0
1421,2.0
1422,4.0
1423,4.0
1424,7.0
1425,2.0
1426,1.0
1427,5.0
1428,2.0
1429,6.0
1430,6.0
1431,3.0
1432,8.0
1433,8.0
1434,1.0
1435,8.0
1436,1.0
1437,5.0
1438,5.0
1439,0.0
1440,1.0
1441,9.0
1442,9.0
1443,9.0
1444,5.0
1445,3.0
1446,7.0
1447,9.0
1448,0.0
1449,8.0
1450,2.0
1451,3.0
1452,4.0
1453,8.0
1454,5.0
1455,4.0
1456,0.0
1457,7.0
1458,2.0
1459,1.0
1460,4.0
1461,4.0
1462,7.0
1463,3.0
1464,9.0
1465,7.0
1466,4.0
1467,5.0
1468,5.0
1469,4.0
1470,0.0
1471,2.0
1472,2.0
1473,6.0
1474,7.0
1475,5.0
1476,3.0
1477,7.0
1478,6.0
1479,1.0
1480,2.0
1481,8.0
1482,2.0
1483,0.0
1484,8.0
1485,9.0
1486,9.0
1487,6.0
1488,5.0
1489,4.0
1490,9.0
1491,6.0
1492,5.0
1493,1.0
1494,6.0
1495,2.0
1496,7.0
1497,8.0
1498,7.0
1499,6.0
1500,4.0
1501,1.0
1502,6.0
1503,3.0
1504,9.0
1505,2.0
1506,6.0
1507,1.0
1508,8.0
1509,8.0
1510,4.0
1511,0.0
1512,6.0
1513,4.0
1514,5.0
1515,9.0
1516,5.0
1517,6.0
1518,3.0
1519,3.0
1520,2.0
1521,0.0
1522,4.0
1523,2.0
1524,9.0
1525,4.0
1526,1.0
1527,3.0
1528,4.0
1529,7.0
1530,4.0
1531,5.0
1532,9.0
1533,4.0
1534,7.0
1535,7.0
1536,8.0
1537,6.0
1538,4.0
1539,4.0
1540,0.0
1541,0.0
1542,0.0
1543,7.0
1544,7.0
1545,0.0
1546,7.0
1547,0.0
1548,6.0
1549,0.0
1550,0.0
1551,0.0
1552,1.0
1553,5.0
1554,4.0
1555,6.0
1556,8.0
1557,5.0
1558,5.0
1559,4.0
1560,9.0
1561,1.0
1562,3.0
1563,1.0
1564,0.0
1565,2.0
1566,6.0
1567,5.0
1568,4.0
1569,2.0
1570,1.0
1571,9.0
1572,6.0
1573,7.0
1574,7.0
1575,8.0
1576,3.0
1577,8.0
1578,4.0
1579,4.0
1580,9.0
1581,3.0
1582,0.0
1583,7.0
1584,1.0
1585,1.0
1586,0.0
1587,5.0
1588,6.0
1589,8.0
1590,1.0
1591,0.0
1592,3.0
1593,3.0
1594,1.0
1595,2.0
1596,9.0
1597,9.0
1598,5.0
1599,1.0
1600,7.0
1601,3.0
1602,7.0
1603,7.0
1604,2.0
1605,7.0
1606,6.0
1607,6.0
1608,5.0
1609,3.0
1610,8.0
1611,1.0
1612,1.0
1613,1.0
1614,3.0
1615,9.0
1616,6.0
1617,6.0
1618,1.0
1619,5.0
1620,7.0
1621,4.0
1622,6.0
1623,8.0
1624,1.0
1625,7.0
1626,1.0
1627,5.0
1628,9.0
1629,0.0
1630,6.0
1631,3.0
1632,1.0
1633,2.0
1634,8.0
1635,3.0
1636,9.0
1637,8.0
1638,3.0
1639,9.0
1640,7.0
1641,2.0
1642,8.0
1643,4.0
1644,3.0
1645,9.0
1646,1.0
1647,1.0
1648,3.0
1649,1.0
1650,7.0
1651,5.0
1652,0.0
1653,2.0
1654,4.0
1655,5.0
1656,8.0
1657,4.0
1658,2.0
1659,8.0
1660,2.0
1661,5.0
1662,5.0
1663,3.0
1664,5.0
1665,7.0
1666,6.0
1667,8.0
1668,8.0
1669,5.0
1670,8.0
1671,1.0
1672,9.0
1673,9.0
1674,8.0
1675,7.0
1676,1.0
1677,9.0
1678,7.0
1679,8.0
1680,6.0
1681,6.0
1682,2.0
1683,1.0
1684,7.0
1685,3.0
1686,1.0
1687,5.0
1688,1.0
1689,6.0
1690,2.0
1691,0.0
1692,2.0
1693,0.0
1694,0.0
1695,2.0
1696,3.0
1697,4.0
1698,9.0
1699,0.0
1700,8.0
1701,6.0
1702,5.0
1703,8.0
1704,5.0
1705,0.0
1706,2.0
1707,7.0
1708,4.0
1709,4.0
1710,2.0
1711,1.0
1712,3.0
1713,4.0
1714,4.0
1715,5.0
1716,3.0
1717,8.0
1718,0.0
1719,1.0
1720,2.0
1721,0.0
1722,1.0
1723,8.0
1724,7.0
1725,0.0
1726,4.0
1727,3.0
1728,2.0
1729,3.0
1730,2.0
1731,3.0
1732,0.0
1733,3.0
1734,9.0
1735,3.0
1736,0.0
1737,3.0
1738,4.0
1739,9.0
1740,8.0
1741,7.0
1742,8.0
1743,4.0
1744,7.0
1745,9.0
1746,7.0
1747,6.0
1748,9.0
1749,6.0
1750,4.0
1751,7.0
1752,6.0
1753,1.0
1754,1.0
1755,6.0
1756,2.0
1757,7.0
1758,9.0
1759,5.0
1760,3.0
1761,1.0
1762,9.0
1763,0.0
1764,2.0
1765,9.0
1766,9.0
1767,7.0
1768,6.0
1769,7.0
1770,3.0
1771,7.0
1772,1.0
1773,4.0
1774,7.0
1775,7.0
1776,6.0
1777,1.0
1778,0.0
1779,5.0
1780,0.0
1781,7.0
1782,5.0
1783,4.0
1784,0.0
1785,8.0
1786,9.0
1787,2.0
1788,0.0
1789,0.0
1790,9.0
1791,0.0
1792,8.0
1793,2.0
1794,6.0
1795,2.0
1796,4.0
1797,7.0
1798,5.0
1799,3.0
1800,8.0
1801,0.0
1802,1.0
1803,4.0
1804,7.0
1805,4.0
1806,4.0
1807,5.0
1808,6.0
1809,9.0
1810,4.0
1811,9.0
1812,6.0
1813,3.0
1814,4.0
1815,9.0
1816,1.0
1817,1.0
1818,9.0
1819,1.0
1820,5.0
1821,4.0
1822,1.0
1823,8.0
1824,5.0
1825,2.0
1826,6.0
1827,3.0
1828,4.0
1829,6.0
1830,0.0
1831,6.0
1832,4.0
1833,4.0
1834,3.0
1835,3.0
1836,4.0
1837,4.0
1838,2.0
1839,8.0
1840,4.0
1841,0.0
1842,6.0
1843,1.0
1844,2.0
1845,7.0
1846,9.0
1847,6.0
1848,5.0
1849,4.0
1850,9.0
1851,3.0
1852,2.0
1853,5.0
1854,1.0
1855,3.0
1856,0.0
1857,9.0
1858,3.0
1859,0.0
1860,6.0
1861,2.0
1862,1.0
1863,6.0
1864,6.0
1865,2.0
1866,6.0
1867,5.0
1868,8.0
1869,7.0
1870,2.0
1871,4.0
1872,1.0
1873,9.0
1874,9.0
1875,7.0
1876,0.0
1877,6.0
1878,8.0
1879,3.0
1880,9.0
1881,0.0
1882,4.0
1883,4.0
1884,3.0
1885,8.0
1886,0.0
1887,0.0
1888,6.0
1889,7.0
1890,1.0
1891,1.0
1892,4.0
1893,9.0
1894,9.0
1895,8.0
1896,4.0
1897,8.0
1898,1.0
1899,0.0
1900,2.0
1901,5.0
1902,7.0
1903,4.0
1904,7.0
1905,6.0
1906,3.0
1907,7.0
1908,8.0
1909,2.0
1910,1.0
1911,3.0
1912,6.0
1913,8.0
1914,9.0
1915,6.0
1916,4.0
1917,5.0
1918,1.0
1919,2.0
1920,3.0
1921,1.0
1922,7.0
1923,6.0
1924,7.0
1925,9.0
1926,5.0
1927,3.0
1928,2.0
1929,4.0
1930,4.0
1931,3.0
1932,2.0
1933,8.0
1934,8.0
1935,0.0
1936,2.0
1937,7.0
1938,4.0
1939,6.0
1940,3.0
1941,3.0
1942,2.0
1943,3.0
1944,3.0
1945,0.0
1946,9.0
1947,4.0
1948,8.0
1949,5.0
1950,6.0
1951,6.0
1952,3.0
1953,8.0
1954,7.0
1955,1.0
1956,4.0
1957,0.0
1958,8.0
1959,5.0
1960,1.0
1961,0.0
1962,7.0
1963,1.0
1964,4.0
1965,2.0
1966,5.0
1967,4.0
1968,3.0
1969,6.0
1970,2.0
1971,3.0
1972,6.0
1973,5.0
1974,3.0
1975,2.0
1976,1.0
1977,3.0
1978,1.0
1979,9.0
1980,9.0
1981,4.0
1982,6.0
1983,9.0
1984,8.0
1985,0.0
1986,9.0
1987,2.0
1988,0.0
1989,3.0
1990,5.0
1991,9.0
1992,5.0
1993,9.0
1994,0.0
1995,2.0
1996,9.0
1997,4.0
1998,9.0
1999,3.0
2000,4.0
2001,8.0
2002,9.0
2003,3.0
2004,6.0
2005,0.0
2006,5.0
2007,1.0
2008,9.0
2009,1.0
2010,5.0
2011,2.0
2012,1.0
2013,2.0
2014,3.0
2015,9.0
2016,6.0
2017,2.0
2018,4.0
2019,6.0
2020,6.0
2021,0.0
2022,9.0
2023,1.0
2024,3.0
2025,7.0
2026,7.0
2027,4.0
2028,6.0
2029,8.0
2030,2.0
2031,1.0
2032,8.0
2033,3.0
2034,1.0
2035,2.0
2036,6.0
2037,2.0
2038,1.0
2039,0.0
2040,0.0
2041,6.0
2042,2.0
2043,5.0
2044,4.0
2045,6.0
2046,2.0
2047,8.0
2048,9.0
2049,8.0
2050,8.0
2051,7.0
2052,0.0
2053,5.0
2054,2.0
2055,9.0
2056,1.0
2057,1.0
2058,1.0
2059,6.0
2060,7.0
2061,2.0
2062,7.0
2063,8.0
2064,0.0
2065,5.0
2066,2.0
2067,0.0
2068,6.0
2069,2.0
2070,3.0
2071,8.0
2072,4.0
2073,0.0
2074,7.0
2075,1.0
2076,4.0
2077,6.0
2078,4.0
2079,0.0
2080,2.0
2081,3.0
2082,8.0
2083,7.0
2084,8.0
2085,6.0
2086,7.0
2087,1.0
2088,0.0
2089,3.0
2090,0.0
2091,9.0
2092,2.0
2093,9.0
2094,2.0
2095,8.0
2096,0.0
2097,5.0
2098,0.0
2099,3.0
2100,6.0
2101,1.0
2102,4.0
2103,9.0
2104,1.0
2105,5.0
2106,2.0
2107,3.0
2108,0.0
2109,7.0
2110,2.0
2111,9.0
2112,2.0
2113,6.0
2114,7.0
2115,9.0
2116,4.0
2117,3.0
2118,7.0
2119,3.0
2120,0.0
2121,4.0
2122,9.0
2123,6.0
2124,9.0
2125,9.0
2126,4.0
2127,5.0
2128,3.0
2129,3.0
2130,4.0
2131,1.0
2132,8.0
2133,8.0
2134,1.0
2135,4.0
2136,8.0
2137,7.0
2138,4.0
2139,3.0
2140,8.0
2141,4.0
2142,8.0
2143,6.0
2144,4.0
2145,3.0
2146,4.0
2147,8.0
2148,5.0
2149,6.0
2150,8.0
2151,7.0
2152,5.0
2153,3.0
2154,8.0
2155,7.0
2156,9.0
2157,3.0
2158,0.0
2159,0.0
2160,5.0
2161,3.0
2162,9.0
2163,8.0
2164,4.0
2165,3.0
2166,2.0
2167,7.0
2168,1.0
2169,0.0
2170,7.0
2171,1.0
2172,1.0
2173,7.0
2174,7.0
2175,0.0
2176,0.0
2177,5.0
2178,1.0
2179,8.0
2180,7.0
2181,7.0
2182,4.0
2183,2.0
2184,4.0
2185,7.0
2186,5.0
2187,0.0
2188,8.0
2189,9.0
2190,7.0
2191,9.0
2192,5.0
2193,0.0
2194,7.0
2195,0.0
2196,7.0
2197,7.0
2198,8.0
2199,3.0
2200,3.0
2201,4.0
2202,5.0
2203,1.0
2204,6.0
2205,9.0
2206,7.0
2207,1.0
2208,2.0
2209,2.0
2210,9.0
2211,6.0
2212,6.0
2213,1.0
2214,4.0
2215,2.0
2216,0.0
2217,5.0
2218,8.0
2219,1.0
2220,6.0
2221,5.0
2222,6.0
2223,5.0
2224,7.0
2225,7.0
2226,2.0
2227,7.0
2228,6.0
2229,9.0
2230,5.0
2231,3.0
2232,1.0
2233,1.0
2234,6.0
2235,4.0
2236,3.0
2237,6.0
2238,1.0
2239,4.0
2240,8.0
2241,4.0
2242,1.0
2243,6.0
2244,1.0
2245,9.0
2246,7.0
2247,7.0
2248,7.0
2249,1.0
2250,7.0
2251,9.0
2252,3.0
2253,7.0
2254,4.0
2255,6.0
2256,7.0
2257,7.0
2258,3.0
2259,7.0
2260,6.0
2261,2.0
2262,8.0
2263,8.0
2264,9.0
2265,3.0
2266,3.0
2267,4.0
2268,3.0
2269,2.0
2270,1.0
2271,9.0
2272,0.0
2273,7.0
2274,3.0
2275,5.0
2276,1.0
2277,5.0
2278,9.0
2279,0.0
2280,4.0
2281,2.0
2282,8.0
2283,6.0
2284,6.0
2285,3.0
2286,9.0
2287,0.0
2288,8.0
2289,4.0
2290,9.0
2291,9.0
2292,7.0
2293,8.0
2294,1.0
2295,8.0
2296,0.0
2297,9.0
2298,7.0
2299,1.0
2300,9.0
2301,2.0
2302,5.0
2303,1.0
2304,3.0
2305,0.0
2306,2.0
2307,7.0
2308,6.0
2309,2.0
2310,3.0
2311,9.0
2312,7.0
2313,2.0
2314,7.0
2315,0.0
2316,7.0
2317,7.0
2318,6.0
2319,0.0
2320,6.0
2321,8.0
2322,4.0
2323,7.0
2324,5.0
2325,3.0
2326,2.0
2327,3.0
2328,2.0
2329,2.0
2330,3.0
2331,4.0
2332,4.0
2333,4.0
2334,7.0
2335,4.0
2336,0.0
2337,7.0
2338,9.0
2339,6.0
2340,2.0
2341,3.0
2342,2.0
2343,5.0
2344,3.0
2345,9.0
2346,8.0
2347,6.0
2348,7.0
2349,5.0
2350,0.0
2351,6.0
2352,7.0
2353,8.0
2354,0.0
2355,2.0
2356,7.0
2357,9.0
2358,2.0
2359,5.0
2360,5.0
2361,3.0
2362,4.0
2363,5.0
2364,7.0
2365,1.0
2366,3.0
2367,5.0
2368,3.0
2369,8.0
2370,0.0
2371,0.0
2372,2.0
2373,4.0
2374,1.0
2375,7.0
2376,4.0
2377,8.0
2378,3.0
2379,1.0
2380,5.0
2381,2.0
2382,6.0
2383,8.0
2384,3.0
2385,5.0
2386,8.0
2387,0.0
2388,5.0
2389,6.0
2390,1.0
2391,5.0
2392,4.0
2393,3.0
2394,6.0
2395,6.0
2396,8.0
2397,0.0
2398,5.0
2399,4.0
2400,0.0
2401,6.0
2402,0.0
2403,5.0
2404,9.0
2405,3.0
2406,3.0
2407,0.0
2408,1.0
2409,7.0
2410,2.0
2411,2.0
2412,2.0
2413,8.0
2414,9.0
2415,0.0
2416,8.0
2417,0.0
2418,9.0
2419,8.0
2420,2.0
2421,9.0
2422,4.0
2423,5.0
2424,2.0
2425,9.0
2426,2.0
2427,9.0
2428,4.0
2429,1.0
2430,7.0
2431,2.0
2432,1.0
2433,3.0
2434,3.0
2435,7.0
2436,1.0
2437,1.0
2438,7.0
2439,7.0
2440,9.0
2441,9.0
2442,3.0
2443,5.0
2444,8.0
2445,3.0
2446,5.0
2447,1.0
2448,4.0
2449,6.0
2450,9.0
2451,4.0
2452,0.0
2453,3.0
2454,6.0
2455,3.0
2456,6.0
2457,6.0
2458,2.0
2459,9.0
2460,9.0
2461,9.0
2462,7.0
2463,8.0
2464,6.0
2465,6.0
2466,0.0
2467,5.0
2468,1.0
2469,3.0
2470,1.0
2471,4.0
2472,6.0
2473,2.0
2474,0.0
2475,2.0
2476,2.0
2477,2.0
2478,8.0
2479,3.0
2480,2.0
2481,0.0
2482,1.0
2483,0.0
2484,1.0
2485,7.0
2486,6.0
2487,9.0
2488,4.0
2489,9.0
2490,4.0
2491,4.0
2492,7.0
2493,8.0
2494,9.0
2495,7.0
2496,9.0
2497,6.0
2498,3.0
2499,9.0
2500,5.0
2501,0.0
2502,8.0
2503,7.0
2504,0.0
2505,6.0
2506,8.0
2507,8.0
2508,5.0
2509,7.0
2510,5.0
2511,4.0
2512,7.0
2513,8.0
2514,8.0
2515,3.0
2516,3.0
2517,2.0
2518,3.0
2519,6.0
2520,3.0
2521,8.0
2522,5.0
2523,5.0
2524,2.0
2525,5.0
2526,2.0
2527,4.0
2528,2.0
2529,9.0
2530,3.0
2531,9.0
2532,9.0
2533,2.0
2534,6.0
2535,9.0
2536,6.0
2537,0.0
2538,0.0
2539,9.0
2540,0.0
2541,8.0
2542,2.0
2543,1.0
2544,7.0
2545,6.0
2546,2.0
2547,0.0
2548,1.0
2549,6.0
2550,2.0
2551,3.0
2552,8.0
2553,9.0
2554,1.0
2555,2.0
2556,5.0
2557,8.0
2558,2.0
2559,0.0
2560,7.0
2561,7.0
2562,1.0
2563,1.0
2564,0.0
2565,8.0
2566,6.0
2567,7.0
2568,4.0
2569,4.0
2570,7.0
2571,3.0
2572,2.0
2573,0.0
2574,5.0
2575,4.0
2576,2.0
2577,7.0
2578,7.0
2579,1.0
2580,3.0
2581,4.0
2582,1.0
2583,3.0
2584,6.0
2585,3.0
2586,6.0
2587,6.0
2588,9.0
2589,5.0
2590,2.0
2591,4.0
2592,5.0
2593,1.0
2594,3.0
2595,6.0
2596,4.0
2597,4.0
2598,2.0
2599,0.0
2600,2.0
2601,7.0
2602,1.0
2603,9.0
2604,8.0
2605,2.0
2606,4.0
2607,6.0
2608,6.0
2609,3.0
2610,6.0
2611,8.0
2612,2.0
2613,8.0
2614,6.0
2615,1.0
2616,8.0
2617,7.0
2618,3.0
2619,6.0
2620,6.0
2621,5.0
2622,7.0
2623,0.0
2624,2.0
2625,1.0
2626,3.0
2627,4.0
2628,9.0
2629,4.0
2630,3.0
2631,9.0
2632,2.0
2633,7.0
2634,1.0
2635,3.0
2636,2.0
2637,0.0
2638,3.0
2639,3.0
2640,9.0
2641,0.0
2642,4.0
2643,0.0
2644,6.0
2645,9.0
2646,5.0
2647,3.0
2648,7.0
2649,4.0
2650,5.0
2651,0.0
2652,1.0
2653,5.0
2654,0.0
2655,4.0
2656,2.0
2657,3.0
2658,4.0
2659,0.0
2660,1.0
2661,0.0
2662,5.0
2663,8.0
2664,4.0
2665,0.0
2666,3.0
2667,5.0
2668,8.0
2669,6.0
2670,9.0
2671,4.0
2672,4.0
2673,7.0
2674,4.0
2675,3.0
2676,5.0
2677,0.0
2678,9.0
2679,2.0
2680,3.0
2681,6.0
2682,9.0
2683,8.0
2684,2.0
2685,5.0
2686,8.0
2687,7.0
2688,0.0
2689,2.0
2690,2.0
2691,5.0
2692,6.0
2693,7.0
2694,2.0
2695,2.0
2696,5.0
2697,1.0
2698,8.0
2699,5.0
2700,7.0
2701,2.0
2702,2.0
2703,8.0
2704,3.0
2705,7.0
2706,7.0
2707,5.0
2708,6.0
2709,4.0
2710,4.0
2711,1.0
2712,5.0
2713,8.0
2714,9.0
2715,0.0
2716,8.0
2717,8.0
2718,2.0
2719,3.0
2720,6.0
2721,2.0
2722,9.0
2723,8.0
2724,0.0
2725,2.0
2726,0.0
2727,5.0
2728,4.0
2729,8.0
2730,7.0
2731,4.0
2732,6.0
2733,6.0
2734,2.0
2735,5.0
2736,2.0
2737,2.0
2738,6.0
2739,2.0
2740,4.0
2741,0.0
2742,7.0
2743,6.0
2744,2.0
2745,1.0
2746,2.0
2747,6.0
2748,4.0
2749,4.0
2750,5.0
2751,2.0
2752,6.0
2753,7.0
2754,9.0
2755,6.0
2756,2.0
2757,4.0
2758,9.0
2759,8.0
2760,2.0
2761,4.0
2762,9.0
2763,6.0
2764,0.0
2765,8.0
2766,1.0
2767,0.0
2768,9.0
2769,8.0
2770,6.0
2771,4.0
2772,3.0
2773,8.0
2774,4.0
2775,7.0
2776,5.0
2777,1.0
2778,9.0
2779,1.0
2780,4.0
2781,3.0
2782,0.0
2783,4.0
2784,8.0
2785,0.0
2786,9.0
2787,0.0
2788,0.0
2789,3.0
2790,2.0
2791,7.0
2792,1.0
2793,4.0
2794,2.0
2795,8.0
2796,4.0
2797,7.0
2798,8.0
2799,4.0
